Validation Accuracy,Validation Precision,Validation Recall
0.9125000238418579,0.9024389982223511,0.925000011920929
